fname,lname,email
Thomas,Rod,thomas.rodriguez@example.com
Daniel,Wilson,daniel.wilson@example.com
Olivia,Anderson,olivia.anderson@example.com
Jenny,Smith,jennifer.smit@example.com
John,Tellez,john.t123@example.com
Micheal,Davis,michael.d589@example.com
Liz,Smith,elizabeth.smith@example.com 
James,Taylor,james.taylor@example.com
Karry,Martinez,karen.martinez@example.com
Sophia,Hernandez,sophia.hernandez@example.com